

17-12-2025 wednesday
+ no hacer nada
+ no hacer otra coas
+ error
+ actividad diaria
+ otra actividad diaria

18-12-2025 thursday
+ actividad diaria
+ otra actividad diaria
+ comer pescado todas las semanas el jueves

19-12-2025 friday
+ actividad diaria
+ otra actividad diaria

20-12-2025 saturday
+ actividad diaria
+ otra actividad diaria
+ pagar impuestos antes de la muerte por sii

21-12-2025 sunday
+ actividad diaria
+ otra actividad diaria

22-12-2025 monday
+ actividad diaria
+ otra actividad diaria

23-12-2025 tuesday
+ actividad diaria
+ otra actividad diaria

24-12-2025 wednesday
+ actividad diaria
+ otra actividad diaria

25-12-2025 thursday
+ actividad diaria
+ otra actividad diaria
+ comer pescado todas las semanas el jueves
+ navidad

26-12-2025 friday
+ actividad diaria
+ otra actividad diaria

27-12-2025 saturday
+ actividad diaria
+ otra actividad diaria

28-12-2025 sunday
+ actividad diaria
+ otra actividad diaria

29-12-2025 monday
+ actividad diaria
+ otra actividad diaria
